tick,cmd_0,cmd_1,cmd_2,ang_vel_0,ang_vel_1,ang_vel_2,proj_grav_0,proj_grav_1,proj_grav_2,pos_0,pos_1,pos_2,pos_3,pos_4,pos_5,pos_6,pos_7,pos_8,pos_9,pos_10,pos_11,pos_12,pos_13,vel_0,vel_1,vel_2,vel_3,vel_4,vel_5,vel_6,vel_7,vel_8,vel_9,vel_10,vel_11,vel_12,vel_13,action_0,action_1,action_2,action_3,action_4,action_5,action_6,action_7,action_8,action_9,action_10,action_11,action_12,action_13
0,0.0,0.0,0.0,-0.0031852259,-0.017584192,-0.0044069565,0.021452038,0.019372568,-0.9995822,0.0001918059,0.010549325,-0.00095902954,-0.02474296,0.02013962,-0.0032607005,-0.0090148775,0.0005754177,0.02435935,-0.010932936,-0.020906843,0.025510184,0.0013426413,-0.004411536,0.1699855,-0.019226369,-0.00030518044,0.08514534,0.014099336,-0.085755706,-0.085755706,-0.00030518044,0.1699855,0.101380944,0.023498895,-0.0007629511,-0.0007629511,-0.0007629511,-0.01713074,-0.07822125,0.053307474,0.40807214,-0.4278701,0.029174637,-0.04830892,0.05739925,-0.29954186,0.21510826,0.40012562,-0.42729723,-0.02639895,0.028649576
1,0.0,0.0,0.0,-0.0010035643,-0.016493361,-0.0022252947,0.021452038,0.019372568,-0.9995822,0.0001918059,0.010549325,-0.0005754177,-0.023592126,0.020523231,-0.0032607005,-0.009398489,0.00095902954,0.023975737,-0.010932936,-0.018605173,0.023208514,0.0013426413,-0.0047951476,-0.085755706,0.053406578,0.08514534,0.4257267,0.09063859,-0.5117876,-0.34088656,-0.17059587,0.08514534,0.08123903,0.24774548,-0.35172045,-0.0007629511,-0.0053406577,0.0016263127,-0.09672952,0.053479865,0.4613743,-0.7949477,0.02970252,0.019729324,0.017718922,-0.34130466,0.36560696,0.35003334,-0.5206561,-0.044556662,0.049779184
2,0.0,0.0,0.0,-0.006457718,0.023867378,-0.001134464,0.021452038,0.019372568,-0.9995822,-0.0001918059,0.010165713,0.0005754177,-0.018988784,0.017070726,-0.0028770885,-0.009398489,0.0013426413,0.022057679,-0.0090148775,-0.007864042,0.01170016,0.00095902954,-0.004411536,-0.25604638,0.032043945,-0.085755706,0.08514534,-0.3309987,0.25543603,-0.00030518044,-0.17059587,-0.00030518044,0.27191576,0.6881819,-0.7255665,-0.0007629511,0.08468757,-0.00068036467,-0.12440333,0.00085389614,0.53709817,-0.91414195,0.027758412,0.03132335,0.013790714,-0.34141165,0.36273742,0.24710962,-0.46922478,-0.07016013,0.034656733
3,0.0,0.0,0.0,-0.02391101,0.11876965,0.010864675,0.019412445,0.0183532,-0.9996431,-0.0001918059,0.009782101,0.0013426413,-0.015152667,0.009782101,-0.0032607005,-0.009398489,0.0017262532,0.01822156,-0.004411536,0.0047951476,-0.005562371,0.0005754177,-0.0032607005,-0.00030518044,-0.03509575,-0.00030518044,-0.17059587,-0.5069047,0.4257267,-0.00030518044,-0.085755706,-0.085755706,0.21014725,0.43707943,-0.76523995,-0.08621348,-0.0007629511,-0.01944679,-0.13734058,-0.07796272,0.6004364,-1.0061305,0.022254637,0.058639057,0.0055097267,-0.36308795,0.3598567,0.20567356,-0.31962186,-0.07884997,0.02405367
4,0.0,0.0,0.0,-0.008639379,0.124223806,0.041407935,0.01631722,0.01835575,-0.99969834,0.0001918059,0.009398489,0.0013426413,-0.010932936,0.0047951476,-0.0032607005,-0.009398489,0.0013426413,0.014769055,-0.00095902954,0.012083772,-0.018988784,-0.0001918059,-0.0017262532,0.1699855,0.00030518044,0.08514534,-0.00030518044,-0.23028916,-0.00030518044,-0.25604638,-0.42633706,-0.42633706,0.20343328,0.35114062,-0.37308308,-0.08468757,0.009918365,-0.013161734,-0.14901629,-0.08811957,0.64872444,-1.0684285,0.013331333,0.08150912,-0.028876826,-0.33974713,0.31157902,0.1709049,-0.23334777,-0.07203386,-0.010488406
5,0.0,0.0,0.0,-0.03591015,0.023867378,0.085041165,0.01631722,0.01835575,-0.99969834,-0.0005754177,0.0090148775,0.0028770885,-0.0074804304,0.0013426413,-0.0036443123,-0.009398489,0.0005754177,0.012467383,-0.0001918059,0.014001831,-0.022057679,-0.0005754177,-0.0017262532,-0.34088656,0.03570611,-0.17059587,0.1699855,-0.1980621,0.34027618,-0.17059587,0.1699855,-0.17059587,-0.0033569848,0.09063859,-0.0007629511,-0.0007629511,-0.064850844,0.0030930117,-0.14817846,-0.049280033,0.6373764,-1.0271101,0.03861228,0.09414417,-0.09124783,-0.3063833,0.18884481,0.149151,-0.21852806,-0.08327042,-0.006947875
6,0.0,0.0,0.0,-0.019547688,0.12313298,0.098131135,0.014278753,0.017336946,-0.99974775,-0.0001918059,0.0090148775,0.0024934767,-0.0051787593,-0.0001918059,-0.004027924,-0.008631266,0.0005754177,0.01170016,-0.00095902954,0.01361822,-0.021674067,-0.00095902954,-0.002109865,0.51117724,-0.017395286,0.08514534,0.1699855,-0.105409324,-0.17059587,-0.085755706,-0.17059587,-0.085755706,-0.030212864,-0.120180055,-0.0007629511,-0.0007629511,-0.0007629511,0.001578711,-0.150024,-0.109850764,0.6578467,-1.059808,0.017233983,0.11448888,-0.09436761,-0.32305983,0.1755388,0.20927408,-0.2047578,-0.07458507,-0.033439532
7,0.0,0.0,0.0,-0.045727625,0.19621864,0.07304203,0.0102010565,0.016318545,-0.9998148,-0.0005754177,0.008631266,0.002109865,-0.0028770885,-0.00095902954,-0.004411536,-0.008247654,0.00095902954,0.010932936,-0.0005754177,0.010549325,-0.021674067,-0.0013426413,-0.0032607005,-0.25604638,-0.09185931,-0.00030518044,-0.00030518044,-0.014099336,0.08514534,0.4257267,0.08514534,-0.42633706,-0.0221561,-0.23834592,-0.0007629511,-0.08468757,-0.15030137,-0.028193966,-0.16117808,-0.13092832,0.6816789,-1.1381328,0.036400877,0.11117191,-0.03873405,-0.36367908,0.2689569,0.22074522,-0.1668197,-0.049499534,0.01628533
8,0.0,0.0,0.0,-0.029365165,0.14822209,0.025045475,0.007142201,0.01631935,-0.99984133,-0.0005754177,0.008631266,0.002109865,-0.00095902954,-0.0028770885,-0.004411536,-0.008247654,0.00095902954,0.009782101,0.0005754177,0.0070968186,-0.020906843,-0.0024934767,-0.0047951476,-0.17059587,0.059510186,-0.00030518044,0.1699855,-0.133608,-0.25604638,-0.085755706,-0.085755706,-0.00030518044,0.027527276,-0.13629359,-0.0007629511,-0.08621348,-0.0007629511,-0.03722997,-0.14981946,-0.11166364,0.6622985,-1.145726,0.006380968,0.11284927,-0.05861043,-0.3518171,0.22654481,0.19230704,-0.18087527,-0.052565213,0.015432358
9,0.0,0.0,0.0,-0.030455995,0.15694873,-0.006588618,0.0040826057,0.015299992,-0.9998746,-0.00095902954,0.008247654,0.002109865,0.0005754177,-0.0051787593,-0.0047951476,-0.008247654,0.00095902954,0.008631266,0.002109865,0.005562371,-0.021290455,-0.0028770885,-0.0047951476,0.08514534,0.0051880674,0.34027618,-0.00030518044,-0.21014725,-0.00030518044,0.25543603,-0.00030518044,-0.085755706,0.047669183,-0.04901198,-0.0007629511,-0.0007629511,-0.0007629511,-0.05676639,-0.14328137,-0.1253664,0.66158885,-1.1290424,-0.0071685426,0.09741447,-0.058024883,-0.35143846,0.18782562,0.18744281,-0.17679891,-0.06890679,0.030762993
10,0.0,0.0,0.0,-0.0053668874,0.17985618,-4.363323e-05,0.0010227592,0.015300426,-0.9998824,-0.0017262532,0.007864042,0.002109865,0.002109865,-0.008247654,-0.0051787593,-0.0090148775,0.0013426413,0.0063295946,0.0024934767,0.0036443123,-0.020906843,-0.0032607005,-0.0047951476,0.1699855,-0.1138323,-0.17059587,0.1699855,-0.16180667,0.25543603,-0.085755706,0.1699855,-0.00030518044,0.040955216,-0.17254902,0.04196231,-0.0007629511,-0.0007629511,-0.059080213,-0.13948369,-0.13133366,0.6621438,-1.1605544,-0.014626637,0.09569564,-0.051881365,-0.35553542,0.21668147,0.20910455,-0.1673363,-0.0747997,0.023622498
11,0.0,0.0,0.0,-0.002094395,0.20167279,0.035953782,-0.003057601,0.015300783,-0.9998783,-0.0024934767,0.0074804304,0.002109865,0.004411536,-0.010549325,-0.0063295946,-0.0090148775,0.0013426413,0.0051787593,0.0036443123,0.0032607005,-0.019372396,-0.0028770885,-0.004411536,-0.00030518044,-0.06317235,-0.17059587,-0.00030518044,-0.2208896,-0.17059587,-0.00030518044,-0.00030518044,0.1699855,0.14972152,0.20611887,0.043488212,-0.0007629511,-0.0007629511,-0.049043372,-0.1461733,-0.13281931,0.6679141,-1.1419363,-0.011254173,0.1024582,-0.04067841,-0.3764592,0.22152336,0.19482453,-0.20148554,-0.06663113,0.013890639
12,0.0,0.0,0.0,-0.011911872,0.21476276,0.06976954,-0.0061181835,0.015300883,-0.9998642,-0.0036443123,0.0070968186,0.0024934767,0.005945983,-0.012850996,-0.0070968186,-0.009398489,0.0013426413,0.0028770885,0.005945983,0.0028770885,-0.018988784,-0.0028770885,-0.004411536,0.08514534,0.09491111,0.08514534,0.08514534,-0.067811094,-0.17059587,-0.17059587,-0.25604638,-0.25604638,0.12555124,0.133608,-0.0007629511,0.0022888533,-0.0007629511,-0.032106474,-0.15315679,-0.12970018,0.6731925,-1.1626801,0.0066002645,0.11070784,-0.032594383,-0.3705291,0.23032047,0.20436543,-0.19658697,-0.061934415,0.007628292
13,0.0,0.0,0.0,0.0044505894,0.22239858,0.062133722,-0.0101992125,0.0153007945,-0.9998309,-0.004027924,0.006713207,0.0024934767,0.008247654,-0.015152667,-0.007864042,-0.009398489,0.0017262532,0.0005754177,0.0070968186,0.0028770885,-0.018988784,-0.0028770885,-0.004411536,-0.17059587,-0.0546273,-0.00030518044,0.08514534,-0.16046387,0.08514534,0.34027618,0.08514534,-0.00030518044,-0.07049668,-0.0664683,-0.08468757,0.07400626,-0.0007629511,-0.046585046,-0.13443333,-0.1387846,0.6653,-1.1455162,0.011453893,0.08673697,-0.03606168,-0.3963318,0.2711564,0.22739327,-0.17950004,-0.069661155,0.013259165
14,0.0,0.0,0.0,0.0044505894,0.21803525,0.053407077,-0.014280344,0.01530045,-0.99978095,-0.004027924,0.0063295946,0.0028770885,0.010932936,-0.017454337,-0.008631266,-0.010165713,0.002109865,-0.0017262532,0.009782101,0.0024934767,-0.019372396,-0.0028770885,-0.004411536,0.34027618,-0.08941787,-0.25604638,0.4257267,-0.18060578,0.25543603,-0.085755706,-0.25604638,-0.085755706,0.18060578,-0.0046997787,-0.0007629511,-0.08621348,-0.0007629511,-0.04046096,-0.12853804,-0.12186671,0.66851497,-1.1421309,-0.013263892,0.08472448,-0.03876324,-0.3758593,0.2759148,0.23338543,-0.16830105,-0.056860093,-0.008854911
15,0.0,0.0,0.0,-0.004276057,0.2234894,0.04577126,-0.018361373,0.015299851,-0.9997144,-0.004027924,0.0063295946,0.0028770885,0.012467383,-0.019372396,-0.0090148775,-0.010932936,0.0024934767,-0.004411536,0.011316548,0.002109865,-0.019756008,-0.0028770885,-0.004411536,0.34027618,-0.0015259022,0.08514534,-0.17059587,0.082581826,0.08514534,-0.5117876,0.25543603,-0.34088656,0.0060425727,-0.043640804,-0.0007629511,-0.0007629511,-0.0007629511,-0.042729378,-0.15115204,-0.14615339,0.6680974,-1.1694138,-0.0051496774,0.10965445,-0.026330322,-0.38251182,0.2353007,0.21938063,-0.17819263,-0.076793686,0.017686568
16,0.0,0.0,0.0,0.016449729,0.19730948,0.028317967,-0.021421956,0.015299235,-0.99965346,-0.004411536,0.005945983,0.0028770885,0.014385443,-0.020906843,-0.009398489,-0.010932936,0.0024934767,-0.0063295946,0.012467383,0.0017262532,-0.02013962,-0.0028770885,-0.004411536,0.1699855,-0.071717404,0.1699855,0.1699855,0.10272373,-0.25604638,0.08514534,0.08514534,-0.00030518044,0.06243992,-0.10809491,-0.08621348,-0.0007629511,-0.0007629511,-0.059041128,-0.12649125,-0.13466504,0.6567494,-1.1225369,-0.021417208,0.094002865,-0.05451753,-0.3855417,0.18742496,0.22551239,-0.16316783,-0.077000946,0.01847627
17,0.0,0.0,0.0,0.012086405,0.16458455,0.016318828,-0.025502317,0.01529819,-0.9995577,-0.0047951476,0.005562371,0.0028770885,0.0155362785,-0.022057679,-0.009782101,-0.011316548,0.002109865,-0.007864042,0.013234608,0.0013426413,-0.020523231,-0.0028770885,-0.004411536,-0.34088656,0.00701915,-0.17059587,-0.17059587,0.054383155,-0.085755706,-0.085755706,-0.17059587,-0.17059587,-0.063782714,0.031555656,-0.0007629511,-0.0007629511,-0.0007629511,-0.060781837,-0.124789596,-0.09442948,0.6594927,-1.0500555,-0.027904123,0.076152556,-0.04444105,-0.34832773,0.10243079,0.20214178,-0.17809336,-0.08865173,0.023762807
18,0.0,0.0,0.0,0.002268928,0.13404128,0.003228859,-0.027542261,0.015297572,-0.99950355,-0.0051787593,0.0051787593,0.0032607005,0.016303502,-0.023208514,-0.010165713,-0.012083772,0.002109865,-0.0090148775,0.013234608,0.0001918059,-0.020523231,-0.0028770885,-0.004411536,-0.17059587,-0.07415885,0.1699855,-0.00030518044,-0.057068743,0.1699855,-0.085755706,0.25543603,-0.00030518044,-0.012756542,-0.12689403,-0.043488212,-0.0007629511,-0.0007629511,-0.06870757,-0.11819145,-0.09433923,0.6302396,-0.9891508,-0.021910496,0.07670266,-0.07181805,-0.35544637,0.045943823,0.20727631,-0.15826395,-0.090147674,0.034919396
19,0.0,0.0,0.0,0.012086405,0.067500606,0.022863813,-0.02958194,0.016317094,-0.99942917,-0.005562371,0.0047951476,0.004027924,0.016303502,-0.023592126,-0.010549325,-0.013234608,0.0017262532,-0.0090148775,0.011316548,-0.0005754177,-0.020906843,-0.0032607005,-0.004027924,0.08514534,-0.06927596,0.08514534,-0.00030518044,0.040955216,-0.00030518044,0.08514534,-0.085755706,0.25543603,-0.109437704,-0.09063859,-0.08621348,-0.08468757,0.02059968,-0.057946384,-0.112460256,-0.055142548,0.6161354,-0.8938245,-0.028421815,0.071443684,-0.100894496,-0.31679645,-0.017188316,0.2334624,-0.15008596,-0.08195376,0.0063771307
20,0.0,0.0,0.0,0.012086405,0.022776546,0.042498767,-0.030601742,0.016316716,-0.99939847,-0.005945983,0.0036443123,0.0047951476,0.016303502,-0.023592126,-0.010549325,-0.014385443,0.0013426413,-0.0090148775,0.0074804304,-0.00095902954,-0.021290455,-0.0047951476,-0.0036443123,0.34027618,-0.15167467,0.51117724,0.1699855,-0.038269628,0.08514534,0.1699855,0.34027618,-0.00030518044,-0.21014725,0.027527276,-0.0022888533,-0.08621348,-0.0007629511,-0.040160768,-0.115192235,-0.039421752,0.59722674,-0.83009356,-0.010551155,0.066133,-0.12431508,-0.32610255,-0.040279146,0.22961642,-0.15124273,-0.06895545,0.006282434
21,0.0,0.0,0.0,0.01754056,-0.0034033922,0.023954645,-0.03264107,0.017336065,-0.99931675,-0.0063295946,0.0028770885,0.005562371,0.016303502,-0.023208514,-0.010549325,-0.015152667,0.0005754177,-0.008631266,0.0036443123,-0.0005754177,-0.021290455,-0.0070968186,-0.004027924,0.25543603,-0.1358053,0.08514534,0.1699855,0.071839474,-0.085755706,0.1699855,-0.25604638,0.25543603,-0.2222324,0.1309224,-0.0007629511,-0.1060502,-0.011444267,-0.047987416,-0.115939826,-0.0056960955,0.5924803,-0.75346285,-0.030718599,0.06284223,-0.1190311,-0.30194288,-0.06274734,0.22961986,-0.15231484,-0.05135596,-0.006743312
22,0.0,0.0,0.0,-0.002094395,-0.040491637,-0.018587757,-0.03366069,0.017335622,-0.99928296,-0.0063295946,0.0017262532,0.006713207,0.016303502,-0.022057679,-0.010549325,-0.016303502,-0.00095902954,-0.008631266,0.0001918059,-0.00095902954,-0.021290455,-0.009782101,-0.004027924,0.08514534,0.018616008,-0.17059587,0.08514534,0.057068743,-0.085755706,-0.17059587,0.08514534,-0.17059587,-0.082581826,0.05975433,-0.0007629511,-0.16098268,-0.0007629511,-0.06794146,-0.13277727,0.032756574,0.58337146,-0.71523815,-0.032435503,0.056944214,-0.10555565,-0.28906673,-0.09237637,0.21188335,-0.14245784,-0.026576351,0.014126457
23,0.0,0.0,0.0,0.006632251,-0.099396504,-0.03931354,-0.034680247,0.01733516,-0.9992481,-0.0063295946,0.0005754177,0.008631266,0.016303502,-0.02013962,-0.010549325,-0.017454337,-0.0024934767,-0.007864042,-0.0024934767,-0.00095902954,-0.021290455,-0.01170016,-0.004027924,-0.34088656,-0.16571298,0.1699855,0.08514534,-0.0221561,0.08514534,-0.085755706,-0.25604638,-0.34088656,-0.09600977,-0.038269628,-0.0007629511,-0.0022888533,-0.0007629511,-0.07984245,-0.12646285,0.07635012,0.5701802,-0.63005954,-0.038778674,0.025320895,-0.11423558,-0.25796044,-0.16086668,0.18860784,-0.14065519,-0.034847192,0.027509026
24,0.0,0.0,0.0,0.010995574,-0.14630222,-0.03713188,-0.03366069,0.017335622,-0.99928296,-0.0063295946,-0.0005754177,0.010165713,0.016303502,-0.01822156,-0.010549325,-0.018988784,-0.0036443123,-0.006713207,-0.0074804304,-0.0005754177,-0.020523231,-0.012467383,-0.0036443123,0.08514534,-0.108949415,-0.34088656,-0.085755706,0.09063859,0.08514534,-0.085755706,0.08514534,-0.00030518044,-0.3269703,0.086610205,-0.0007629511,-0.0038147555,-0.0007629511,-0.0805344,-0.13321549,0.10503949,0.54264903,-0.5676275,-0.034401778,0.020179994,-0.12041736,-0.24762565,-0.16566725,0.2080715,-0.15023649,-0.034585617,0.022252068
25,0.0,0.0,0.0,0.015358898,-0.16811883,-0.012042772,-0.03060164,0.017336898,-0.9993813,-0.0063295946,-0.0013426413,0.012083772,0.016303502,-0.014385443,-0.010165713,-0.02013962,-0.004411536,-0.005562371,-0.01170016,-0.0005754177,-0.020523231,-0.012467383,-0.0036443123,-0.00030518044,0.067444876,0.08514534,-0.085755706,0.057068743,-0.00030518044,-0.085755706,-0.42633706,0.25543603,-0.1980621,0.109437704,-0.0007629511,-0.0007629511,-0.0007629511,-0.057368726,-0.14046311,0.11091645,0.517138,-0.4762696,-0.034320753,0.025400124,-0.12572515,-0.22449292,-0.20025371,0.19725624,-0.1619128,-0.026649121,0.01411508
26,0.0,0.0,0.0,-0.0010035643,-0.19648044,-0.009861111,-0.026522113,0.017338345,-0.99949783,-0.0063295946,-0.0017262532,0.01361822,0.016303502,-0.011316548,-0.009782101,-0.020906843,-0.0051787593,-0.004411536,-0.01591989,-0.0005754177,-0.020523231,-0.012467383,-0.004411536,-0.085755706,-0.12603952,-0.25604638,0.1699855,0.23028916,-0.00030518044,0.1699855,-0.17059587,0.34027618,-0.23297475,-0.03961242,-0.0007629511,-0.0007629511,-0.08468757,-0.062817335,-0.1430166,0.13597357,0.49992675,-0.42571932,-0.025046878,0.03476446,-0.13085094,-0.22367404,-0.17803788,0.2167891,-0.13958459,-0.015393779,0.022457503
27,0.0,0.0,0.0,8.726646e-05,-0.22047871,-0.031677727,-0.022441875,0.017339505,-0.9995978,-0.0063295946,-0.0028770885,0.01591989,0.016303502,-0.008247654,-0.009398489,-0.021674067,-0.006713207,-0.0032607005,-0.019372396,-0.0001918059,-0.020523231,-0.012083772,-0.004411536,-0.42633706,-0.18829633,0.08514534,-0.34088656,0.133608,-0.00030518044,0.08514534,-0.34088656,0.1699855,-0.10272373,0.0033569848,-0.0007629511,0.02059968,-0.0007629511,-0.06776896,-0.15517145,0.1534355,0.48958737,-0.3331993,-0.032036763,0.023694761,-0.12457435,-0.19099218,-0.23959124,0.18535984,-0.16020921,-0.023274753,0.027741797
28,0.0,0.0,0.0,0.0033597588,-0.25647613,-0.046949357,-0.018361125,0.017340375,-0.99968106,-0.005945983,-0.004027924,0.01822156,0.016303502,-0.004027924,-0.009398489,-0.023208514,-0.008631266,-0.002109865,-0.022057679,-0.0001918059,-0.02013962,-0.01170016,-0.0036443123,-0.085755706,-0.046692606,0.1699855,-0.085755706,0.22894636,-0.00030518044,-0.17059587,-0.25604638,0.08514534,-0.13763638,0.036926832,-0.0007629511,0.08468757,0.081635766,-0.066052064,-0.1599701,0.1660571,0.45696285,-0.25564644,-0.03684591,0.028054573,-0.14356522,-0.1537286,-0.30945727,0.17119282,-0.1713768,-0.04412142,0.019463696
29,0.0,0.0,0.0,0.009904743,-0.28047442,-0.043676864,-0.013259782,0.017341059,-0.9997617,-0.005945983,-0.0051787593,0.020906843,0.016303502,-0.0001918059,-0.008631266,-0.02474296,-0.009782101,0.0005754177,-0.02627741,-0.0005754177,-0.02013962,-0.01170016,-0.0028770885,-0.085755706,-0.06622416,0.08514534,-0.34088656,0.16717784,-0.085755706,-0.25604638,0.08514534,0.08514534,-0.26654458,-0.019470513,-0.0007629511,-0.0007629511,-0.0007629511,-0.059325904,-0.16631737,0.17383245,0.42281717,-0.149874,-0.03047457,0.033269934,-0.16051453,-0.124939576,-0.3985316,0.1587989,-0.18754797,-0.041589636,0.033577085
30,0.0,0.0,0.0,0.0055414205,-0.32083514,-0.036041047,-0.008158361,0.017341288,-0.99981636,-0.005945983,-0.005945983,0.023208514,0.01591989,0.004027924,-0.008247654,-0.02627741,-0.011316548,0.0028770885,-0.032031585,-0.0001918059,-0.019756008,-0.01170016,-0.0024934767,0.34027618,-0.014953841,-0.085755706,-0.085755706,0.16852064,-0.00030518044,-0.25604638,-0.17059587,-0.34088656,-0.26654458,-0.03961242,-0.0007629511,-0.0007629511,0.04196231,-0.050486565,-0.1627621,0.2024563,0.39030418,-0.0162559,-0.021605566,0.033410393,-0.20294312,-0.06608315,-0.51438874,0.1744936,-0.19176945,-0.05306955,0.018190935
31,0.0,0.0,0.0,8.726646e-05,-0.32301682,-0.040404372,-0.0020371096,0.01734097,-0.99984753,-0.005945983,-0.0070968186,0.02474296,0.015152667,0.010165713,-0.0070968186,-0.027044633,-0.012467383,0.006713207,-0.037402153,0.0001918059,-0.019756008,-0.012083772,-0.0024934767,0.1699855,0.0009155413,0.1699855,-0.25604638,0.26788738,0.1699855,-0.17059587,0.08514534,-0.00030518044,-0.4196231,0.22760357,-0.0007629511,-0.07553216,-0.0007629511,-0.049187243,-0.17480338,0.1886006,0.32792717,0.13535134,-0.020169672,0.06414316,-0.22217774,-0.048157945,-0.6128721,0.14467537,-0.2185388,-0.03730151,0.035456166
32,0.0,0.0,0.0,-0.008639379,-0.31756267,-0.0698568,0.005102852,0.017339777,-0.9998366,-0.005562371,-0.007864042,0.025893798,0.014385443,0.016303502,-0.0063295946,-0.027811857,-0.013234608,0.010932936,-0.04353994,0.0001918059,-0.019756008,-0.013234608,-0.0024934767,-0.085755706,-0.024109256,0.25543603,0.25543603,0.22491798,-0.00030518044,-0.085755706,-0.17059587,0.4257267,-0.34039825,0.14837873,-0.0007629511,-0.022125581,-0.0007629511,-0.06611396,-0.18282363,0.18590671,0.29854327,0.24086547,-0.041668158,0.1249186,-0.24676922,-0.022543877,-0.6840495,0.13434485,-0.2088911,-0.015036799,0.036496818
33,0.0,0.0,0.0,-0.026092673,-0.32738012,-0.12876166,0.010201264,0.017338384,-0.99979764,-0.0047951476,-0.008631266,0.02627741,0.012850996,0.023592126,-0.005562371,-0.027811857,-0.014385443,0.015152667,-0.04967773,-0.0001918059,-0.019756008,-0.014385443,-0.0024934767,-0.17059587,-0.013122759,-0.085755706,0.08514534,0.51898986,0.1699855,-0.25604638,-0.085755706,0.25543603,-0.34308386,0.12152285,-0.0007629511,-0.08621348,-0.0007629511,-0.108101115,-0.23879647,0.23386541,0.30166706,0.31299525,-0.04713459,0.16438678,-0.22069064,-0.008151799,-0.7173892,0.1228216,-0.19712958,0.003933534,0.056558996
34,0.0,0.0,0.0,-0.020638518,-0.3611959,-0.18984818,0.017336013,0.01733568,-0.9996994,-0.004027924,-0.009782101,0.02627741,0.012850996,0.032031585,-0.0051787593,-0.027811857,-0.015152667,0.019372396,-0.055431906,-0.0001918059,-0.019756008,-0.015152667,-0.0024934767,0.08514534,-0.031433586,-0.085755706,0.08514534,0.40485236,-0.42633706,-0.17059587,-0.085755706,0.1699855,-0.26654458,0.071839474,-0.0007629511,-0.0007629511,-0.0007629511,-0.17098908,-0.32461303,0.37247267,0.29472446,0.5522083,-0.05653185,0.19764149,-0.17513002,0.0049212724,-0.76758265,0.10734703,-0.20259506,-0.004119683,0.070576586
35,0.0,0.0,0.0,-0.02391101,-0.34592426,-0.21384646,0.024509681,0.016309625,-0.99956656,-0.004027924,-0.012083772,0.027811857,0.013234608,0.044307165,-0.0051787593,-0.027811857,-0.01591989,0.022824902,-0.061186083,-0.0001918059,-0.019756008,-0.015152667,-0.002109865,0.08514534,-0.16937514,-0.00030518044,0.1699855,0.745922,-0.00030518044,-0.17059587,0.08514534,0.34027618,-0.3068284,0.020813307,-0.0007629511,-0.0007629511,0.009918365,-0.22258788,-0.4150161,0.4623478,0.2610127,0.7233227,-0.033589114,0.23156434,-0.097617954,-0.024579782,-0.7127736,0.08157851,-0.18429145,-0.0031645223,0.07249992
36,0.0,0.0,0.0,-0.02172935,-0.32738012,-0.24220806,0.030623082,0.01630613,-0.999398,-0.0051787593,-0.015152667,0.031647973,0.014001831,0.0585008,-0.005562371,-0.027811857,-0.01591989,0.025126573,-0.06770749,-0.0005754177,-0.019372396,-0.014385443,-0.0013426413,-0.42633706,-0.24139772,0.4257267,0.25543603,0.6640116,-0.00030518044,-0.085755706,-0.085755706,-0.00030518044,-0.3283131,-0.061097123,0.0007629511,0.0038147555,0.081635766,-0.27906576,-0.5051526,0.6227167,0.2821004,0.8761003,-0.01366977,0.22014123,0.013510721,-0.09228777,-0.592596,0.04230185,-0.16907662,0.009135224,0.065533295
37,0.0,0.0,0.0,0.008813913,-0.32738012,-0.23893557,0.036731675,0.016302029,-0.9991922,-0.0074804304,-0.019372396,0.035100482,0.0155362785,0.070392765,-0.0051787593,-0.028962692,-0.01591989,0.026661022,-0.072694436,-0.0013426413,-0.018988784,-0.012467383,-0.0001918059,-0.17059587,-0.18341345,0.1699855,0.1699855,0.42633706,0.25543603,0.08514534,-0.00030518044,-0.25604638,-0.105409324,0.040955216,-0.0007629511,0.17013809,0.07400626,-0.28666136,-0.55578375,0.7092752,0.26180926,0.95556444,0.0033324752,0.16106626,0.049252212,-0.16730447,-0.4855635,0.055706996,-0.15233506,-0.0185861,0.052300543
38,0.0,0.0,0.0,0.042629667,-0.3590142,-0.20075649,0.043915078,0.017313657,-0.9988852,-0.010932936,-0.023592126,0.040471047,0.018605173,0.08036667,-0.0051787593,-0.032798808,-0.017070726,0.027044633,-0.07499611,-0.0024934767,-0.01822156,-0.009398489,0.0005754177,-0.34088656,-0.17364767,0.08514534,0.1699855,0.40082398,0.08514534,-0.17059587,-0.25604638,-0.085755706,-0.14703594,0.057068743,0.04196231,0.17013809,0.06332494,-0.22707832,-0.51607174,0.63389814,0.14035265,0.9347795,-0.016604684,0.1439682,-0.06410347,-0.18604912,-0.6107765,0.04626769,-0.17959633,-0.06537787,0.04350066
39,0.0,0.0,0.0,0.057901297,-0.41573742,-0.11676253,0.05103392,0.019346511,-0.9985095,-0.014001831,-0.025893798,0.04353994,0.020523231,0.09110781,-0.0051787593,-0.03663493,-0.01822156,0.027044633,-0.07921584,-0.002109865,-0.017454337,-0.0063295946,0.0013426413,-0.34088656,-0.101625085,-0.00030518044,-0.25604638,0.5069047,-0.00030518044,-0.34088656,-0.085755706,0.08514534,-0.27862975,0.16449225,0.07858396,0.04196231,0.0007629511,-0.15633361,-0.4549364,0.36218125,-0.041974396,0.766103,-0.009504307,0.23823148,-0.37816998,-0.16476443,-1.0173959,0.024350503,-0.24109066,-0.12409279,0.04179416
40,0.0,0.0,0.0,0.028448867,-0.33937928,0.0043196897,0.058220573,0.019337611,-0.99811643,-0.0155362785,-0.028195469,0.042772718,0.019372396,0.09878004,-0.0047951476,-0.03855299,-0.020523231,0.025893798,-0.08880614,-0.0013426413,-0.016303502,-0.0051787593,0.0028770885,-0.00030518044,-0.021057451,-0.085755706,-0.42633706,0.086610205,-0.25604638,-0.085755706,-0.25604638,0.08514534,-0.6210422,-0.04632639,0.08621348,-0.0007629511,0.11673152,-0.09550229,-0.3538857,-0.07825076,0.014152702,0.27370113,0.028890954,0.38631457,-0.73115665,-0.07051863,-1.3715487,0.07630746,-0.23795079,-0.14353064,-0.008851871
41,0.0,0.0,0.0,0.04917465,-0.25429448,0.08722283,0.06329687,0.01933072,-0.9978075,-0.015152667,-0.028195469,0.037402153,0.014001831,0.09456031,-0.0032607005,-0.03855299,-0.02474296,0.025126573,-0.103383385,-0.00095902954,-0.0155362785,-0.005562371,0.004411536,-0.085755706,0.06317235,-0.25604638,-0.5966278,-0.56195927,-0.085755706,-0.34088656,-0.17059587,-0.17059587,-0.6344701,-0.0221561,0.08316167,-0.064850844,-0.0007629511,-0.076483905,-0.28109407,-0.32861745,0.23186201,-0.22580743,0.050239354,0.47730538,-0.89645743,0.0035313014,-1.5162356,0.14423645,-0.21849117,-0.1418066,-0.052573025
42,0.0,0.0,0.0,0.010995574,-0.22484204,0.0435896,0.06744095,0.01932472,-0.9975361,-0.014769055,-0.027811857,0.029346304,0.008631266,0.08036667,-0.0013426413,-0.037785765,-0.03356603,0.025510184,-0.11834424,-0.0005754177,-0.0155362785,-0.006713207,0.0032607005,-0.085755706,-0.02777142,-0.34088656,-0.085755706,-0.60895705,-0.00030518044,0.08514534,-0.42633706,0.1699855,-0.78486305,-0.02887007,-0.043488212,-0.1014725,-0.08621348,-0.08468744,-0.2630429,-0.27235705,0.5055737,-0.35620084,-0.029402897,0.4792407,-0.85979646,0.1358931,-1.4232053,0.18405633,-0.19357671,-0.09987429,-0.046512097
43,0.0,0.0,0.0,0.020813052,-0.23575035,-0.07858345,0.07251164,0.020337079,-0.9971602,-0.01361822,-0.027044633,0.023592126,0.0063295946,0.06962554,-0.0005754177,-0.03663493,-0.041621882,0.026661022,-0.1267837,0.0005754177,-0.01591989,-0.01170016,0.0024934767,0.34027618,0.086976424,-0.085755706,-0.00030518044,-0.3565118,-0.085755706,-0.00030518044,-0.085755706,0.1699855,-0.078553446,0.08123903,-0.0007629511,-0.3166247,-0.0007629511,-0.09296188,-0.35035932,-0.12107074,0.6192027,-0.31885454,-0.1550936,0.44196513,-0.73209935,0.21399122,-1.2896892,0.14910063,-0.23684996,-0.0077790804,-0.02297309
44,0.0,0.0,0.0,0.013177236,-0.2837469,-0.27493298,0.07757562,0.020328308,-0.9967792,-0.012083772,-0.027044633,0.02244129,0.008631266,0.06732387,-0.002109865,-0.035100482,-0.046992447,0.028962692,-0.12831815,0.0028770885,-0.01591989,-0.018988784,0.0024934767,-0.5117876,-0.031433586,0.08514534,-0.00030518044,0.14166476,-0.5117876,-0.17059587,-0.25604638,0.4257267,0.03558404,0.20611887,-0.022125581,-0.25101092,-0.0007629511,-0.2074976,-0.53451544,0.21637669,0.64929193,-0.02162841,-0.2167596,0.47147635,-0.46567816,0.17027108,-1.0391772,-0.034420554,-0.29936165,0.08533172,0.04317648
45,0.0,0.0,0.0,-0.06536258,-0.1386664,-0.46801004,0.08172344,0.020321773,-0.99644786,-0.011316548,-0.02857908,0.025126573,0.0155362785,0.071543604,-0.0063295946,-0.030880751,-0.046992447,0.031647973,-0.12755093,0.002109865,-0.01591989,-0.022057679,0.0017262532,-0.085755706,-0.16021973,0.25543603,0.7669184,0.38336766,-0.25604638,0.25543603,0.34027618,-0.00030518044,0.15643549,-0.26788738,0.08316167,-0.08621348,-0.0007629511,-0.37972704,-0.84514624,0.5913914,0.7871076,-0.0115109235,-0.19087543,0.56432074,0.12456518,-0.1548964,-0.13162743,-0.085214615,-0.16779278,0.18593062,0.117354594
46,0.0,0.0,0.0,-0.124267444,-0.06994407,-0.5694573,0.082735136,0.019299679,-0.9963847,-0.014769055,-0.03433326,0.030113528,0.02474296,0.08151751,-0.011316548,-0.025126573,-0.045458,0.032031585,-0.114124514,-0.0013426413,-0.012467383,-0.022057679,0.0013426413,-0.34088656,-0.44953078,0.25543603,0.08514534,0.5955291,-0.00030518044,0.51117724,0.25543603,-0.25604638,1.4119478,-0.24774548,0.33951324,-0.0007629511,-0.0022888533,-0.5179044,-1.0012813,0.81613356,0.6167013,-0.29383346,-0.14832397,0.55830634,0.4755061,-0.7214323,0.7614586,-0.017112117,-0.08152598,0.20807545,0.1507885
47,0.0,0.0,0.0,-0.076270886,-0.14630222,-0.552004,0.08475793,0.019296024,-0.9962147,-0.023208514,-0.042389106,0.037785765,0.03318242,0.090340585,-0.016303502,-0.021290455,-0.03932021,0.02627741,-0.08075029,-0.0028770885,-0.0028770885,-0.019372396,0.002109865,-0.6820783,-0.44831008,0.1699855,0.4257267,0.14300755,-0.34088656,-0.34088656,0.51117724,-0.42633706,1.8402991,0.075867854,0.69199663,0.28458077,0.08773938,-0.44203708,-0.67885005,0.9046229,0.41964352,-0.67405283,-0.21519794,0.3112366,0.41267964,-1.0548842,0.95264715,0.013244999,-0.21416517,0.099500194,0.1452529
48,0.0,0.0,0.0,0.010995574,-0.0143117,-0.38183442,0.08677953,0.019292291,-0.9960407,-0.033949643,-0.046608835,0.042005494,0.03855299,0.088038914,-0.022057679,-0.020906843,-0.029729916,0.01591989,-0.044690777,-0.004027924,0.008631266,-0.008247654,0.0047951476,-0.9378195,-0.017395286,0.1699855,0.4257267,-0.53644615,-0.085755706,-0.085755706,0.4257267,-0.25604638,1.7570459,-0.1537499,0.61722744,0.7469291,0.1045243,-0.23464748,-0.2860303,0.6815313,0.32175612,-0.95175904,-0.2768287,0.023557507,0.36675674,-0.8058917,0.93563837,0.10167701,-0.41953182,-0.10274835,0.047921397
49,0.0,0.0,0.0,0.06662794,0.18967366,-0.099309236,0.08273532,0.02134004,-0.9963431,-0.04353994,-0.04315633,0.041621882,0.04085466,0.07192721,-0.02435935,-0.023208514,-0.027428245,0.006713207,-0.018605173,-0.002109865,0.017454337,0.0063295946,0.008631266,-0.17059587,0.4165713,-0.00030518044,-0.42633706,-1.0977341,0.25543603,-0.25604638,0.25543603,-0.42633706,0.8640879,0.30414283,0.36545357,0.08621348,0.21591516,-0.06330496,-0.17754048,0.2545717,0.36686277,-1.157799,-0.13234165,-0.088941455,0.40189332,-0.58607215,0.9901626,0.122849345,-0.59749776,-0.09545943,-0.018896267
50,0.0,0.0,0.0,-0.06536258,0.37402406,0.39265546,0.07757562,0.020328308,-0.9967792,-0.045841612,-0.03701854,0.038169377,0.038169377,0.048143283,-0.025510184,-0.02474296,-0.020523231,-0.0005754177,-0.009398489,0.0024934767,0.01822156,0.0074804304,0.012083772,0.25543603,0.4647898,-0.5117876,-0.34088656,-1.0977341,-0.00030518044,-0.085755706,0.6814679,-0.34088656,0.3283131,0.2893721,-0.2540627,0.39749753,-0.0007629511,0.09780265,-0.17921996,-0.13814652,0.6369527,-1.6288922,0.14005987,0.015955158,0.40487134,-0.6781813,1.4270514,0.35425484,-0.52055407,-0.034125254,-0.13554874
51,0.0,0.0,0.0,-0.071907565,0.55182946,0.808262,0.06633964,0.018306661,-0.99762917,-0.037785765,-0.032031585,0.032798808,0.032798808,0.027044633,-0.025126573,-0.02474296,-0.012467383,-0.0070968186,-0.0005754177,0.010165713,0.014385443,0.02244129,0.011316548,1.0220493,0.22003509,-0.42633706,-0.34088656,-0.9594263,-0.17059587,0.25543603,0.51117724,-0.6820783,0.49347678,0.46930647,-0.1045243,0.7255665,-0.080109864,0.54950976,-0.17166194,-0.87489367,1.3033593,-2.5105386,0.4880453,0.13964659,0.1128344,-0.39787745,2.3198419,0.6556606,-0.41141427,-0.021778721,-0.19242248
52,0.0,0.0,0.0,0.10262536,0.53001285,0.801717,0.057204433,0.018318495,-0.9981944,-0.020523231,-0.031647973,0.020523231,0.03318242,0.0074804304,-0.016687114,-0.022057679,-0.005945983,-0.0090148775,0.016303502,0.023975737,0.01170016,0.03356603,0.006713207,1.1074998,0.093690395,-0.6820783,-0.42633706,-0.9258564,0.51117724,0.34027618,0.51117724,0.51117724,0.9715114,0.6707256,-0.3044175,0.26169223,-0.42801556,0.68071043,-0.22641999,-1.285789,1.8435057,-2.827233,0.47628802,-0.14964633,0.06893248,0.14507863,2.776992,0.8216524,-0.3562389,0.016305566,-0.21878088
53,0.0,0.0,0.0,0.25534168,0.6881833,0.7657196,0.043915693,0.020374643,-0.99882746,0.0024934767,-0.029346304,0.0036443123,0.035484094,-0.005562371,-0.0017262532,-0.017070726,0.0051787593,-0.0005754177,0.045841612,0.046992447,0.010932936,0.033949643,-0.008247654,1.1929504,0.13763638,-1.1935607,0.51117724,-0.8640879,0.6814679,-0.085755706,0.51117724,0.8517586,1.9074388,1.3501793,-0.08621348,-0.16708629,-0.9163043,0.6649922,-0.5708902,-1.7870114,2.3991077,-3.5189905,0.3886738,-0.68336886,0.10433563,0.94470006,3.399276,1.1751754,-0.2570759,0.17149709,-0.1472883
54,0.0,0.0,0.0,0.15607607,0.98598015,0.55955255,0.027568111,0.023449104,-0.9993448,0.023975737,-0.031647973,-0.01783795,0.04775967,-0.02627741,0.01170016,-0.01822156,0.020906843,0.02435935,0.09647837,0.07346166,0.004027924,0.032031585,-0.02244129,1.0220493,-0.3555352,-1.2784009,0.6814679,-0.713695,0.34027618,-0.34088656,0.6814679,1.7892729,2.973617,1.3824064,-0.5363546,-0.0007629511,-0.42801556,0.3088743,-0.91024095,-2.7311454,2.6339223,-4.451131,0.12778667,-1.0433791,0.1919163,2.1823895,4.041308,1.7341555,-0.026195541,0.24192135,-0.1570169
55,0.0,0.0,0.0,0.21934426,1.4234033,0.33920473,0.0020447157,0.026519794,-0.9996462,0.035867706,-0.042389106,-0.043923553,0.061186083,-0.04775967,0.01591989,-0.03356603,0.0389366,0.065789424,0.17396796,0.10415061,0.0024934767,0.032031585,-0.032415196,0.08514534,-0.74006253,-1.534142,0.6814679,-1.4253757,-0.17059587,-1.1081102,1.2777905,2.471046,4.79176,1.6724498,0.080109864,-0.0007629511,-0.69047076,-0.41126892,-1.4309154,-4.430449,2.6331458,-4.902595,-0.37002403,-1.4210215,1.1666276,3.7110925,5.0100336,2.7377574,0.108426854,0.101946324,-0.0060565025
56,0.0,0.0,0.0,0.24007004,1.6110262,0.49846604,-0.026517639,0.031618565,-0.9991482,0.029729916,-0.06463859,-0.09110781,0.06463859,-0.07729778,0.0074804304,-0.06080247,0.065789424,0.136374,0.30631402,0.15402015,0.0051787593,0.03126436,-0.045458,-0.6820783,-1.3351644,-3.1534295,-0.085755706,-1.6764783,-0.6820783,-1.449302,1.8747234,4.260624,8.073548,3.4059968,0.08621348,-0.16098268,-0.40970474,-1.0878447,-1.667315,-6.6519074,2.2028663,-5.342951,-0.731605,-1.2320728,2.593478,6.185593,6.0566316,4.0030327,0.30622366,-0.20459618,0.27021623
57,0.0,0.0,0.0,0.59895337,1.9590012,0.305389,-0.06219769,0.04077078,-0.99723077,0.002109865,-0.09225864,-0.17511879,0.061186083,-0.10952117,-0.01822156,-0.09225864,0.119878694,0.25145754,0.47356877,0.24340169,0.015152667,0.023975737,-0.05159579,-2.3013656,-1.5152209,-4.6872663,-0.17059587,-1.5636835,-1.449302,-1.1081102,3.578851,6.731975,8.726147,5.358419,0.72404057,-0.67063403,-0.0053406577,-2.5393476,-2.169581,-10.164981,1.0083079,-5.492034,-1.8834883,-0.9277552,4.6652927,9.607853,6.2156177,5.5011964,0.22134593,-0.5646727,-0.052948445
58,0.0,0.0,0.0,0.46805367,3.4785285,0.37192968,-0.120310046,0.051909875,-0.99137825,-0.05619913,-0.118727855,-0.28483176,0.043923553,-0.15018402,-0.05658274,-0.122180365,0.21347997,0.40720394,0.60246235,0.36308858,0.016303502,0.002109865,-0.05006134,-3.664912,-1.3034257,-5.45449,-1.449302,-2.9078202,-2.131075,-1.2784009,5.283589,8.436713,5.0938888,6.689128,-0.26321813,-1.4259557,0.1747158,-4.3030653,-1.8117371,-16.779495,-0.05918292,-6.243847,-4.0892363,-1.4291538,8.398666,15.890928,5.395068,8.03358,1.3277547,-1.1352419,-1.6630911
59,0.0,0.0,0.0,0.2738858,4.810433,0.5093743,-0.20569485,0.05876702,-0.9768501,-0.13752483,-0.13714123,-0.40336782,0.012467383,-0.22191943,-0.12524925,-0.1498004,0.3216585,0.56640285,0.6780339,0.49274936,0.027044633,-0.012467383,-0.05658274,-4.1763945,-0.41718167,-6.136263,-1.7898833,-4.0585947,-4.431525,-1.449302,5.283589,7.4137483,2.831281,5.9371634,1.1940185,-0.64927137,-0.9407187,-7.2522783,-1.1475883,-24.635685,1.1119329,-6.6385884,-6.609486,-2.6457236,11.251966,25.399231,2.2545302,10.538372,1.6747296,-2.191798,-2.9523141
60,0.0,0.0,0.0,0.20407262,5.4452963,1.0460631,-0.30319247,0.06848127,-0.9504655,-0.22191943,-0.13599038,-0.513848,-0.012467383,-0.30055985,-0.21002747,-0.18240741,0.41986313,0.6910767,0.67918473,0.59632456,0.0650222,-0.031647973,-0.078832224,-3.664912,0.49713895,-4.346685,-0.42633706,-3.1911497,-3.5794613,-2.131075,4.004883,5.283589,-3.2018921,4.120363,3.0861373,-1.950866,-2.7290761,-9.623772,-1.3191235,-29.981573,2.5079048,-6.4084473,-7.656151,-4.104758,11.539787,32.181274,0.9912605,11.376931,1.7265397,-2.3607938,-1.7566392
61,0.0,0.0,0.0,0.33497232,5.1540446,1.923091,-0.3983302,0.08306971,-0.9134728,-0.27485785,-0.1298526,-0.5821309,-0.004027924,-0.35503274,-0.25491005,-0.21386358,0.49428383,0.77738935,0.57906204,0.6657583,0.10913756,-0.08727169,-0.15056764,-2.131075,-0.025940338,-2.2159152,1.363241,-1.9289235,-0.85236895,-1.2784009,3.3231099,3.3231099,-6.1788664,2.7681696,1.8364233,-3.4096284,-4.558633,-10.267993,-2.277614,-31.7952,0.9425682,-5.348867,-6.7207413,-3.7814984,10.303357,33.16465,3.2923582,11.092443,1.0405054,-2.9176888,1.1151376
62,0.0,0.0,0.0,0.111352004,4.054487,1.3962197,-0.47123337,0.09972986,-0.87635213,-0.3020943,-0.14021012,-0.6181904,0.018605173,-0.3922431,-0.2664184,-0.2403328,0.55067474,0.8253408,0.4873788,0.7022014,0.14788236,-0.16783017,-0.2403328,-0.25604638,-1.2039368,-1.534142,0.4257267,-2.5466087,-0.25604638,-1.0226597,1.9595636,2.1304646,-1.7745022,1.0077668,1.0215915,-4.029145,-2.1797514,-10.347234,-2.469466,-28.75342,0.43677455,-2.8280597,-4.9635854,-3.3368347,8.053056,29.607864,5.217616,10.516592,-0.54201233,-2.5334234,2.71416
63,0.0,0.0,0.0,0.050265484,3.023652,1.3907657,-0.522932,0.112439595,-0.8449257,-0.30439597,-0.17626962,-0.6481122,0.020906843,-0.42906982,-0.26756924,-0.259897,0.58596706,0.8579478,0.51231354,0.71102446,0.16476128,-0.25491005,-0.2111783,-0.085755706,-1.9980164,-1.449302,0.1699855,-0.6478981,-0.17059587,-0.6820783,1.4486915,1.1929504,3.4852216,0.1537499,-0.25101092,-4.433509,3.6903944,-9.629246,-2.3637798,-26.280973,-1.9133086,-0.3796193,-3.658215,-1.7260706,6.0336294,24.689192,6.379468,8.622144,-2.3727703,-1.9929863,2.2471457
64,0.0,0.0,0.0,0.35460728,2.2862504,0.76244706,-0.561158,0.12416594,-0.81834257,-0.30401236,-0.21347997,-0.67956835,0.005562371,-0.4026006,-0.26565117,-0.26603478,0.6016951,0.8683053,0.59824264,0.7179295,0.12946899,-0.34851134,-0.110672005,0.08514534,-1.6055543,-1.7898833,-1.7044327,3.2448616,0.1699855,0.51117724,0.5960174,0.34027618,4.2009306,0.80231935,-3.0647745,-5.0301366,5.2635994,-9.447169,-2.3323185,-24.590963,-5.9505363,3.4423113,-3.0437393,-0.7391214,5.2829247,18.650148,6.4559207,6.190163,-3.3373535,-0.9714862,1.2826598
65,0.0,0.0,0.0,0.884751,1.4594007,1.2893183,-0.58534205,0.1482741,-0.7971132,-0.2986418,-0.2403328,-0.71754587,-0.084586404,-0.2794612,-0.26565117,-0.24340169,0.6120526,0.87290865,0.67112887,0.7344248,0.0389366,-0.4478668,-0.0090148775,0.08514534,-0.7003891,-1.8753338,-7.1586175,9.9843445,-0.17059587,1.7038224,0.1699855,0.1699855,3.0743268,0.9124285,-5.5611506,-4.431983,4.744793,-9.4759655,-2.9299824,-24.762486,-11.992578,5.2294536,-1.342537,1.8142682,4.868838,12.504182,5.865169,3.2779577,-3.8733573,0.41420698,0.56513715
66,0.0,0.0,0.0,0.9698358,0.9292569,1.5467544,-0.59705055,0.18057017,-0.781617,-0.29327124,-0.24723782,-0.7486184,-0.26411673,-0.037785765,-0.25721171,-0.18701075,0.6139707,0.8763612,0.7209984,0.7371101,-0.09072419,-0.5199858,0.07499611,-0.085755706,-0.17975128,-0.6820783,-10.141451,13.576318,0.7669184,4.175784,-0.085755706,-0.25604638,1.9786068,-0.28802928,-6.7452507,-2.2362096,4.1756315,-8.16105,-2.6787825,-20.717854,-13.696609,2.9513354,1.7227834,2.5542562,7.638067,5.984734,7.0659437,0.9609043,-3.7020445,2.299338,-0.6955074
67,0.0,0.0,0.0,0.46369034,-0.2161154,1.9470893,-0.5931743,0.20915379,-0.777431,-0.29442206,-0.24953948,-0.7443987,-0.46359488,0.20350607,-0.20849302,-0.09072419,0.6147379,0.8759776,0.7536054,0.70258504,-0.21232913,-0.5268908,0.14404623,-0.085755706,-0.10467689,0.7669184,-9.630579,8.560983,4.0903335,5.027848,-0.00030518044,-0.85236895,1.3340658,-3.5187914,-5.34905,0.20675975,2.3002975,-5.988858,-0.6838571,-15.522863,-13.53422,1.561897,4.5642915,2.8323615,6.3847904,1.4434739,3.6437519,1.1622075,-0.9583516,3.5673387,-1.4318095
68,0.0,0.0,0.0,0.15934856,-1.3767593,2.4881413,-0.56606597,0.23907639,-0.7889308,-0.29480568,-0.2503067,-0.7267526,-0.6327677,0.31935683,-0.104534216,0.01783795,0.6231774,0.8169013,0.7482348,0.6312332,-0.30362874,-0.5196022,0.162076,0.08514534,0.71503776,0.5960174,-6.7325854,2.5922637,5.794461,4.686656,0.25543603,-5.7102313,-2.7131152,-3.8195772,-5.432975,1.4961472,-0.6752117,-5.4713573,1.8161223,-13.765264,-13.299582,-2.9656825,6.327046,3.7697077,0.28121024,-2.038899,0.6733735,0.007985264,1.0243754,3.3710833,-0.2591746
